text, are we still on for lunch today?
Congratulations! You've won a free ticket. Click here to claim.
Reminder: your dentist appointment is tomorrow at 3pm.
URGENT! Your account has been compromised, verify now.
Don't forget to submit your assignment by tonight.
Limited time offer: Buy one get one free!
Can you send me the report by end of day?
You have been selected for a $1000 gift card!
Let's catch up over coffee next week.
Earn cash from home, no experience needed!
Hi, just checking in to see how you're doing?
Meeting tomorrow at 10 AM, don't be late.
Please confirm your availability for the project next week.
The document is attached, let me know if you have any questions.
I'll be home late tonight, can you pick up dinner?
Claim your FREE vacation now! Click here.
Your lottery prize awaits! Act fast to redeem.
Exclusive offer: Get 50% off on all products for a limited time!
WARNING: Your account will be suspended if not verified immediately.
Make millions from home with our proven system!
Make millions from home with our proven system!
Did you get the email I sent yesterday?
Let's reschedule our meeting to Friday.
Can you bring your laptop to the presentation?
I'm running a bit late, be there in 10 minutes.
Happy birthday! Wishing you a great day.
The new restaurant downtown is really good, we should try it.
Don't forget to water the plants.
I've finished my part of the project, sending it over now.
Are you free for a quick call later today?
Remember to pick up groceries on your way home.
Your account is due for an upgrade, click here to avoid deactivation.
Congratulations! You've won a brand new car! Claim it now.
Urgent financial alert: Your payment is overdue, settle now to avoid fees.
Free gift card just for you! Limited time offer, act fast.
Unlock exclusive content, subscribe to our premium service today!
Your privacy is at risk! Verify your details immediately to secure your account.
Mega jackpot winner! Claim your millions before it's too late.
Get rich quick! Invest in our revolutionary scheme.
Secret shopping opportunity: Earn $500 today!
Limited stock! Buy our miracle product now before it's gone!
Just confirming our dinner plans for tonight at 7 PM.
Did you remember to lock the front door?
Could you please review this document by end of day?
Thanks for your help with the presentation, it went great!
You have a new message from a secret admirer! View now.
Final reminder: Your subscription is expiring, renew to continue.
Unclaimed funds detected in your name! Click to claim.
Win a brand new smartphone! Enter our contest today.
Just wanted to say thanks for your help today.
Are you free for coffee sometime next week?
Please send me the updated schedule.
Don't forget to pick up the dry cleaning.
I'll call you later this evening.
The weather looks great for the picnic tomorrow.
Did you get the book I recommended?
Can we meet earlier on Tuesday?
I'm looking forward to our trip next month.
Remember to bring your ID for the event.
Your package has been delivered.
Checking in to see if you received my last email.
Let me know if you need anything else.
The meeting minutes are attached.
Happy anniversary!
I've made the reservations for dinner.
Are you still coming to the party?
Please confirm your attendance by Friday.
The report is due by the end of the day.
I'll be working from home tomorrow.
Have a great weekend!
Did you enjoy the concert?
Let's plan something for next month.
The new software update is available.
Thanks for the quick response.
Your bank account has been locked. Verify immediately.
Congratulations! You've won a free iPhone. Click to claim.
Limited-time offer: Get a free trial of our premium service!
Urgent action required: Your password expires today.
Huge discounts! Shop now and save big.
You've been selected for a government grant. Apply here.
Claim your inheritance! Contact us for more details.
Your credit score has been updated. View your new score.
Exclusive offer for new members: 70% off!
Warning: Suspicious activity detected on your account.
Click this link to unsubscribe from all future messages.
Cash prize awaits! Just answer a few questions.
Your package delivery has been delayed, track it here.
Act now to avoid service interruption.
Earn easy money from home, no experience required.
Free gift for you! Just pay shipping and handling.
Your Netflix account is on hold. Update payment info.
Get a free medical consultation from our experts.
Investment opportunity: Double your money in 24 hours!
Your phone bill is ready. View it here.
Secret millionaire program: Learn how to get rich fast!
You have unread voicemails. Listen now.
Don't miss out on our Black Friday deals!
Get your dream job today! Apply for high-paying positions.
Your device is infected! Download our antivirus software.
